asin,title,price,image_url,product_url,ASIN,BrowseNodeInfo.BrowseNodes.0.SalesRank,Offers.Listings.0.Price.Amount,Offers.Listings.0.Price.Currency,Offers.Listings.0.Price.DisplayAmount,Offers.Listings.0.SavingBasis.Percentage
B0CZHTB8ZZ,"Ben Martin Men's Slim Fit Stretchable 32 Size Grey Cotton Denim Jeans Pant for Men, JJ3-21",₹649.00,https://m.media-amazon.com/images/I/31UPdz5W4KL._SL500_.jpg,https://www.amazon.in/dp/B0CZHTB8ZZ?tag=vibe9110c-21&linkCode=osi&th=1&psc=1,B0CZHTB8ZZ,27,649,INR,₹649.00,N/A
B019XSHDL8,"Ben Martin Men's Regular Fit Stretchable 36 Size Dark Blue Cotton Denim Jeans Pant for Men, JJ3-1",₹649.00,https://m.media-amazon.com/images/I/41QFLArTr+L._SL500_.jpg,https://www.amazon.in/dp/B019XSHDL8?tag=vibe9110c-21&linkCode=osi&th=1&psc=1,B019XSHDL8,1,649,INR,₹649.00,N/A
B0D7623YQN,"Lymio Jeans for Men || Men Jeans Pants || Denim Jeans || Baggy Jeans for Men (04-05) (in, Numeric, 36, Blue)",₹729.00,https://m.media-amazon.com/images/I/31BhSfCw0dL._SL500_.jpg,https://www.amazon.in/dp/B0D7623YQN?tag=vibe9110c-21&linkCode=osi&th=1&psc=1,B0D7623YQN,11,729,INR,₹729.00,N/A
B0D297BC58,"U.S. POLO ASSN. Men's Tapered Jeans (UDJENO1801_Blue","₹1,399.00",https://m.media-amazon.com/images/I/31zAG3GlOlL._SL500_.jpg,https://www.amazon.in/dp/B0D297BC58?tag=vibe9110c-21&linkCode=osi&th=1&psc=1,B0D297BC58,16,1399,INR,"₹1,399.00",N/A
B0CL52LYHW,"Ben Martin Men's High Waist Tapered Fit Stretchable Size 38 Denim Dark Blue Carrot Fit Jeans Pant for Men 0",₹699.00,https://m.media-amazon.com/images/I/31it4xfGNEL._SL500_.jpg,https://www.amazon.in/dp/B0CL52LYHW?tag=vibe9110c-21&linkCode=osi&th=1&psc=1,B0CL52LYHW,10,699,INR,₹699.00,N/A
B0CZ6QKVQ5,"Lymio Jeans for Men || Men Jeans || Men Jeans Pants || Denim Jeans (Jeans-02-03) (32, Blue)",₹749.00,https://m.media-amazon.com/images/I/310e4+lw2XL._SL500_.jpg,https://www.amazon.in/dp/B0CZ6QKVQ5?tag=vibe9110c-21&linkCode=osi&th=1&psc=1,B0CZ6QKVQ5,33,749,INR,₹749.00,N/A
B09PG8ZRKM,"RAGZO Men's Slim Fit Stretchable Blue Jeans Pant - Modern Versatility and Comfort (Size 38, Model t70019f)",₹698.00,https://m.media-amazon.com/images/I/31YpMliivvL._SL500_.jpg,https://www.amazon.in/dp/B09PG8ZRKM?tag=vibe9110c-21&linkCode=osi&th=1&psc=1,B09PG8ZRKM,64,698,INR,₹698.00,N/A
B0D2965BSN,"Ben Martin Men's Black Denim Cotton Oversized Loose Baggy Fit Jeans Pants for Men, 32",₹799.00,https://m.media-amazon.com/images/I/31uhFV9UccL._SL500_.jpg,https://www.amazon.in/dp/B0D2965BSN?tag=vibe9110c-21&linkCode=osi&th=1&psc=1,B0D2965BSN,2,799,INR,₹799.00,N/A
B0D16YKQWG,"Lymio Men Jeans || Men Jeans Pants || Denim Jeans || Baggy Jeans for Men (Jeans-06-07-08) (36, Dark Blue)",₹749.00,https://m.media-amazon.com/images/I/41o8kAE4HCL._SL500_.jpg,https://www.amazon.in/dp/B0D16YKQWG?tag=vibe9110c-21&linkCode=osi&th=1&psc=1,B0D16YKQWG,3,749,INR,₹749.00,N/A
B0B7S3M4B2,"KETCH Men's Skinny Jeans (KHJN000207_Blue_32)",₹629.00,https://m.media-amazon.com/images/I/41-XbmsrQuL._SL500_.jpg,https://www.amazon.in/dp/B0B7S3M4B2?tag=vibe9110c-21&linkCode=osi&th=1&psc=1,B0B7S3M4B2,89,629,INR,₹629.00,N/A
B0CZHT6TWX,"Ben Martin Men's Regular Fit Stylish Stretchable 38 Size Light Blue Casusal Denim Jeans Pant for Men, JJ3-9",₹649.00,https://m.media-amazon.com/images/I/31yrDsWmaqL._SL500_.jpg,https://www.amazon.in/dp/B0CZHT6TWX?tag=vibe9110c-21&linkCode=osi&th=1&psc=1,B0CZHT6TWX,15,649,INR,₹649.00,N/A
B09H7M84SV,"DAIS Slim Fit Mid Rise Mildly Wash Denim Men's Jeans Pants Pack of 3 Jeans","₹1,129.00",https://m.media-amazon.com/images/I/41fcsvkhtoL._SL500_.jpg,https://www.amazon.in/dp/B09H7M84SV?tag=vibe9110c-21&linkCode=osi&th=1&psc=1,B09H7M84SV,153,1129,INR,"₹1,129.00",N/A
B0CTSKS32W,"Lymio Jeans for Men || Men Jeans || Men Jeans Pants || Denim Jeans (Jeans-003-Black-30)",₹889.00,https://m.media-amazon.com/images/I/31RqeUb0mHL._SL500_.jpg,https://www.amazon.in/dp/B0CTSKS32W?tag=vibe9110c-21&linkCode=osi&th=1&psc=1,B0CTSKS32W,107,889,INR,₹889.00,N/A
B076CR4HPR,"Urbano Fashion Men's Slim Fit Jeans (eps-black-34-06)",₹729.00,https://m.media-amazon.com/images/I/316NEnDmOEL._SL500_.jpg,https://www.amazon.in/dp/B076CR4HPR?tag=vibe9110c-21&linkCode=osi&th=1&psc=1,B076CR4HPR,20,729,INR,₹729.00,N/A
B0D76BYSTF,"Ben Martin White Men Jeans || Wide Leg Jeans for Men || Loose Jeans for Men || Baggy Jeans for Men, 32",₹799.00,https://m.media-amazon.com/images/I/31fPcM+zNaL._SL500_.jpg,https://www.amazon.in/dp/B0D76BYSTF?tag=vibe9110c-21&linkCode=osi&th=1&psc=1,B0D76BYSTF,5,799,INR,₹799.00,N/A
B0D26G9NM4,"Denim look Men Jeans || Men Jeans Loose Pants || Denim Jeans || Baggy Jeans For Men (32) Dark Blue",₹499.00,https://m.media-amazon.com/images/I/31Dubp6PJVL._SL500_.jpg,https://www.amazon.in/dp/B0D26G9NM4?tag=vibe9110c-21&linkCode=osi&th=1&psc=1,B0D26G9NM4,42,499,INR,₹499.00,N/A
B0CZHS3HM5,"Ben Martin Men's Slim Fit Stretchable 30 Size White Cotton Denim Jeans Pant for Men, JJ3-23",₹649.00,https://m.media-amazon.com/images/I/21Qexob1R6L._SL500_.jpg,https://www.amazon.in/dp/B0CZHS3HM5?tag=vibe9110c-21&linkCode=osi&th=1&psc=1,B0CZHS3HM5,25,649,INR,₹649.00,N/A
B09PBZ9YLH,"RAGZO Men Jeans || Men Jeans Pants || Denim Jeans || Men Jeans Slim Fit Stretchable (ri70013d) (Beige, 34)",₹698.00,https://m.media-amazon.com/images/I/31YhJyIyBdL._SL500_.jpg,https://www.amazon.in/dp/B09PBZ9YLH?tag=vibe9110c-21&linkCode=osi&th=1&psc=1,B09PBZ9YLH,87,698,INR,₹698.00,N/A
B0D26H8WX5,"Denim look Men Jeans || Men Jeans Pants || Denim Jeans || Baggy Jeans for Men Light Blue (32)",₹649.00,https://m.media-amazon.com/images/I/31shUVH3nML._SL500_.jpg,https://www.amazon.in/dp/B0D26H8WX5?tag=vibe9110c-21&linkCode=osi&th=1&psc=1,B0D26H8WX5,60,649,INR,₹649.00,N/A
B07FYNTXNK,"Diverse Men's Stretch Relaxed Fit Jeans (DCMDT03RC12L03-31C_Indigo 2_36)",₹639.00,https://m.media-amazon.com/images/I/416DNaaZFcL._SL500_.jpg,https://www.amazon.in/dp/B07FYNTXNK?tag=vibe9110c-21&linkCode=osi&th=1&psc=1,B07FYNTXNK,53,639,INR,₹639.00,N/A
B07D6MMQ3P,"Urbano Fashion Men's Slim Fit Jeans (hpsjogger-lgrey-34-fba_Light Grey_34)",₹699.00,https://m.media-amazon.com/images/I/41VpuxK9-VL._SL500_.jpg,https://www.amazon.in/dp/B07D6MMQ3P?tag=vibe9110c-21&linkCode=osi&th=1&psc=1,B07D6MMQ3P,44,699,INR,₹699.00,N/A
B0D989SD5V,"London Hills Men Jeans || Men Jeans Pants || Denim Jeans || Baggy Jeans for Men Blue",₹749.00,https://m.media-amazon.com/images/I/31Rnv+JcVyL._SL500_.jpg,https://www.amazon.in/dp/B0D989SD5V?tag=vibe9110c-21&linkCode=osi&th=1&psc=1,B0D989SD5V,29,749,INR,₹749.00,N/A
B0CTTC3TY7,"Lymio Men Jeans || Men Jeans Pants || Denim Jeans || Baggy Jeans for Men (Jeans-04-05) (36, Blue)",₹799.00,https://m.media-amazon.com/images/I/41vgPJ28g7L._SL500_.jpg,https://www.amazon.in/dp/B0CTTC3TY7?tag=vibe9110c-21&linkCode=osi&th=1&psc=1,B0CTTC3TY7,9,799,INR,₹799.00,N/A
B0D41PD4JZ,"KARGEENS Straight Cotton Baggy Jeans Pants for Men Stylish (k9009_Light Blue_34)",₹799.00,https://m.media-amazon.com/images/I/41echUbM7UL._SL500_.jpg,https://www.amazon.in/dp/B0D41PD4JZ?tag=vibe9110c-21&linkCode=osi&th=1&psc=1,B0D41PD4JZ,99,799,INR,₹799.00,N/A
B0C7LRQL4L,"KOTTY Men Regular Fit Mid Rise Solid Jeans",₹499.00,https://m.media-amazon.com/images/I/31uDY2OHIgL._SL500_.jpg,https://www.amazon.in/dp/B0C7LRQL4L?tag=vibe9110c-21&linkCode=osi&th=1&psc=1,B0C7LRQL4L,14,499,INR,₹499.00,N/A
B092TT9427,"STUDIO NEXX Men Regular fit Mid Rise Jeans - Dark Olive, Size 44",₹849.00,https://m.media-amazon.com/images/I/31sZ5ZAkqhS._SL500_.jpg,https://www.amazon.in/dp/B092TT9427?tag=vibe9110c-21&linkCode=osi&th=1&psc=1,B092TT9427,67,849,INR,₹849.00,N/A
B0821T8MG2,"Amazon Brand - House & Shields Men's Slim Jeans (HSD-SL-22_Light Blue_30)",₹429.00,https://m.media-amazon.com/images/I/31drzkhhATL._SL500_.jpg,https://www.amazon.in/dp/B0821T8MG2?tag=vibe9110c-21&linkCode=osi&th=1&psc=1,B0821T8MG2,6,429,INR,₹429.00,N/A
B0D94353B2,"Lymio Jeans for Men || Men Jeans || Stylish Jeans for Men || Men Jeans Regular fit (Jeans-13-14) (36, Black)",₹779.00,https://m.media-amazon.com/images/I/31LU+8SNZGL._SL500_.jpg,https://www.amazon.in/dp/B0D94353B2?tag=vibe9110c-21&linkCode=osi&th=1&psc=1,B0D94353B2,71,779,INR,₹779.00,N/A
B0D6N9MN8F,"Lymio Men Jeans || Jeans for Men || Cargo Jeans (09-10) (30, Black)",₹899.00,https://m.media-amazon.com/images/I/41MDFKQVvhL._SL500_.jpg,https://www.amazon.in/dp/B0D6N9MN8F?tag=vibe9110c-21&linkCode=osi&th=1&psc=1,B0D6N9MN8F,18,899,INR,₹899.00,N/A
B09X9TQZ9F,"Ben Martin Men's Slim Fit Stylish Stretchable 38 Size White Cotton Denim Jeans Pant for Men, JJ3-5",₹649.00,https://m.media-amazon.com/images/I/31zAI93DuKL._SL500_.jpg,https://www.amazon.in/dp/B09X9TQZ9F?tag=vibe9110c-21&linkCode=osi&th=1&psc=1,B09X9TQZ9F,13,649,INR,₹649.00,N/A
B0CN6KMGNQ,"Pepe Jeans Men's Skinny Jeans (PM207679Q011_Black Used","₹2,297.00",https://m.media-amazon.com/images/I/419zcyNvmhL._SL500_.jpg,https://www.amazon.in/dp/B0CN6KMGNQ?tag=vibe9110c-21&linkCode=osi&th=1&psc=1,B0CN6KMGNQ,179,2297,INR,"₹2,297.00",N/A
B0B58RBN53,"Ben Martin Men's Slim Fit Stylish Stretchable 32 Size Grey Cotton Denim Jeans Pant for Men, JJ3-3",₹649.00,https://m.media-amazon.com/images/I/31pll4c-f5L._SL500_.jpg,https://www.amazon.in/dp/B0B58RBN53?tag=vibe9110c-21&linkCode=osi&th=1&psc=1,B0B58RBN53,38,649,INR,₹649.00,N/A
B0CTTCVSZ1,"Lymio Jeans for Men || Men Jeans || Men Jeans Pants || Denim Jeans (Jeans-001) (32) Black",₹679.00,https://m.media-amazon.com/images/I/41iIBJ8pLQL._SL500_.jpg,https://www.amazon.in/dp/B0CTTCVSZ1?tag=vibe9110c-21&linkCode=osi&th=1&psc=1,B0CTTCVSZ1,39,679,INR,₹679.00,N/A
B0CKR5LSBH,"GRECIILOOKS Mens Classic Cotton Regular Fit Jeans (Black, 36)",₹799.00,https://m.media-amazon.com/images/I/31VWGjzt77L._SL500_.jpg,https://www.amazon.in/dp/B0CKR5LSBH?tag=vibe9110c-21&linkCode=osi&th=1&psc=1,B0CKR5LSBH,17,799,INR,₹799.00,N/A
B082S2G2M1,"Urbano Fashion Men's Slim Fit Jeans (epsjean-iceblu-40_Ice Blue",₹674.10,https://m.media-amazon.com/images/I/31PUv6y3B+L._SL500_.jpg,https://www.amazon.in/dp/B082S2G2M1?tag=vibe9110c-21&linkCode=osi&th=1&psc=1,B082S2G2M1,51,674.1,INR,₹674.10,N/A
B0BSS6ZJNH,"KETCH Men's Tapered Jeans (KHJN000071_Blue_30)",₹735.00,https://m.media-amazon.com/images/I/41N72LQGacL._SL500_.jpg,https://www.amazon.in/dp/B0BSS6ZJNH?tag=vibe9110c-21&linkCode=osi&th=1&psc=1,B0BSS6ZJNH,57,735,INR,₹735.00,N/A
B09WJ3ZPC3,"Ben Martin Men's Regular Fit Stretchable 38 Size Grey Cotton Denim Jeans Pant for Men, JJ3-2",₹649.00,https://m.media-amazon.com/images/I/31KQPJ2uG0L._SL500_.jpg,https://www.amazon.in/dp/B09WJ3ZPC3?tag=vibe9110c-21&linkCode=osi&th=1&psc=1,B09WJ3ZPC3,12,649,INR,₹649.00,N/A
B09Z77Z9JF,"Levi's Men's Slim Jeans (A7087-0087_Mid Indigo_32)","₹1,589.00",https://m.media-amazon.com/images/I/3135C5qqh1L._SL500_.jpg,https://www.amazon.in/dp/B09Z77Z9JF?tag=vibe9110c-21&linkCode=osi&th=1&psc=1,B09Z77Z9JF,7,1589,INR,"₹1,589.00",N/A
B0CXSLN7FW,"Ben Martin Men's Stretchable Slim Fit Grey Color Block Casual Denim Jeans Size 34",₹749.00,https://m.media-amazon.com/images/I/31-37jauqqL._SL500_.jpg,https://www.amazon.in/dp/B0CXSLN7FW?tag=vibe9110c-21&linkCode=osi&th=1&psc=1,B0CXSLN7FW,75,749,INR,₹749.00,N/A
B0D1KQY3HV,"The Pant Project Slim Fit Stretchable Jeans for Men | Blue Mens Denim Cotton Pants | Stylish Ankle Length (Vintage blue-34)","₹2,268.00",https://m.media-amazon.com/images/I/41F8FUAUsgL._SL500_.jpg,https://www.amazon.in/dp/B0D1KQY3HV?tag=vibe9110c-21&linkCode=osi&th=1&psc=1,B0D1KQY3HV,31,2268,INR,"₹2,268.00",N/A
B0BKQ7WQ6K,"Peter England Men's Regular Jeans (PJDNPCTPB81427_Medium Blue_36)",₹999.00,https://m.media-amazon.com/images/I/41-NMgxxIWL._SL500_.jpg,https://www.amazon.in/dp/B0BKQ7WQ6K?tag=vibe9110c-21&linkCode=osi&th=1&psc=1,B0BKQ7WQ6K,21,999,INR,₹999.00,N/A
B09Z78VMW1,"Levi's Men's Slim Jeans (A7086-0086_Mid Indigo_32)","₹1,183.00",https://m.media-amazon.com/images/I/31pBsGwd4qL._SL500_.jpg,https://www.amazon.in/dp/B09Z78VMW1?tag=vibe9110c-21&linkCode=osi&th=1&psc=1,B09Z78VMW1,8,1183,INR,"₹1,183.00",N/A
B0D3TP5H9Z,"Urbano Plus Men's Light Blue Regular Fit Washed Jeans Stretchable (plusavwhkwhiregp-lblu-44)","₹1,319.00",https://m.media-amazon.com/images/I/31ejiat1RlL._SL500_.jpg,https://www.amazon.in/dp/B0D3TP5H9Z?tag=vibe9110c-21&linkCode=osi&th=1&psc=1,B0D3TP5H9Z,237,1319,INR,"₹1,319.00",N/A
B0D2T2DZ75,"Men Jeans || Men Jeans Pants || Denim Jeans || Baggy Jeans for Men (04-05) (32, Blue)",₹749.00,https://m.media-amazon.com/images/I/41gFoQyUucL._SL500_.jpg,https://www.amazon.in/dp/B0D2T2DZ75?tag=vibe9110c-21&linkCode=osi&th=1&psc=1,B0D2T2DZ75,52,749,INR,₹749.00,N/A
B0CGD8FVLR,"KARGEENS Men's Jeans Pant Slim Fit Stretchable Casual Wear Low Rise Cotton Blend Denim (raj7001_Brown_1_34)",₹679.00,https://m.media-amazon.com/images/I/41+F6ca7cPL._SL500_.jpg,https://www.amazon.in/dp/B0CGD8FVLR?tag=vibe9110c-21&linkCode=osi&th=1&psc=1,B0CGD8FVLR,85,679,INR,₹679.00,N/A
B0D2HSFLJB,"POSHAX Men Jeans || Men Jeans Pants || Denim Jeans || Jeans for Men (001) (34) Black",₹649.00,https://m.media-amazon.com/images/I/31B91FeeUeL._SL500_.jpg,https://www.amazon.in/dp/B0D2HSFLJB?tag=vibe9110c-21&linkCode=osi&th=1&psc=1,B0D2HSFLJB,136,649,INR,₹649.00,N/A
B0D3YNC2RY,"AVANOVA Black Bell-Bottom Men Cargo Jeans II Men Cargo Pants II Denim Cargo for Men II Cotton Pant II Wide Legs II Flap Pockets II Cargo for Men (Jeans-119-Black-32)",₹799.00,https://m.media-amazon.com/images/I/31C8O0dH3qL._SL500_.jpg,https://www.amazon.in/dp/B0D3YNC2RY?tag=vibe9110c-21&linkCode=osi&th=1&psc=1,B0D3YNC2RY,22,799,INR,₹799.00,N/A
B07X4Z212V,"M. R. Fashion Men's Regular Fit Jeans (JA JEA 221_Light Blue_34)",₹799.00,https://m.media-amazon.com/images/I/31Th+FQNDSL._SL500_.jpg,https://www.amazon.in/dp/B07X4Z212V?tag=vibe9110c-21&linkCode=osi&th=1&psc=1,B07X4Z212V,63,799,INR,₹799.00,N/A
B09Z76DZ28,"Levi's Men's Slim Jeans (A7087-0079_Mid Indigo_36)","₹1,559.00",https://m.media-amazon.com/images/I/31Xzj9JP57L._SL500_.jpg,https://www.amazon.in/dp/B09Z76DZ28?tag=vibe9110c-21&linkCode=osi&th=1&psc=1,B09Z76DZ28,4,1559,INR,"₹1,559.00",N/A
B085J787F7,"Amazon Brand - Symbol Men's Cotton Rich Stretchable Jeans | Casual Denim Relaxed Fit (Mid Grey_36)",₹699.00,https://m.media-amazon.com/images/I/41nQN+N9TUL._SL500_.jpg,https://www.amazon.in/dp/B085J787F7?tag=vibe9110c-21&linkCode=osi&th=1&psc=1,B085J787F7,19,699,INR,₹699.00,N/A
B0D8ZN47XC,"Denim Look Men Relaxed Fit Mid Rise Baggy Light Blue Jeans (34)",₹649.00,https://m.media-amazon.com/images/I/41skrkh2PrL._SL500_.jpg,https://www.amazon.in/dp/B0D8ZN47XC?tag=vibe9110c-21&linkCode=osi&th=1&psc=1,B0D8ZN47XC,45,649,INR,₹649.00,N/A
B076373D59,"Ben Martin Men's Slim Fit Stylish Stretchable Cross Pocket 38 Size Light Blue Casusal Denim Jeans Pant for Men, JJ9-5",₹649.00,https://m.media-amazon.com/images/I/41ZxcCiE3OL._SL500_.jpg,https://www.amazon.in/dp/B076373D59?tag=vibe9110c-21&linkCode=osi&th=1&psc=1,B076373D59,477,649,INR,₹649.00,N/A
B0CYH7D872,"TAGDO Men's Regular Fit Causal Trouser (Jeans-Pocket-5170-Beige-40)",₹500.00,https://m.media-amazon.com/images/I/31BIwhiZedL._SL500_.jpg,https://www.amazon.in/dp/B0CYH7D872?tag=vibe9110c-21&linkCode=osi&th=1&psc=1,B0CYH7D872,80,500,INR,₹500.00,N/A
B0C7RC4X9V,"Urbano Fashion Men's Black Regular Fit Washed Jeans Stretchable (epsreg-black-36)",₹665.00,https://m.media-amazon.com/images/I/31jcDID3XaL._SL500_.jpg,https://www.amazon.in/dp/B0C7RC4X9V?tag=vibe9110c-21&linkCode=osi&th=1&psc=1,B0C7RC4X9V,35,665,INR,₹665.00,N/A
B0CLM5CP44,"Pepe Jeans Men's Regular Jeans (PM207554Q033_Dark Used_Mid Indigo Blue","₹1,899.00",https://m.media-amazon.com/images/I/41myaTVaVOL._SL500_.jpg,https://www.amazon.in/dp/B0CLM5CP44?tag=vibe9110c-21&linkCode=osi&th=1&psc=1,B0CLM5CP44,150,1899,INR,"₹1,899.00",N/A
B0C6QTX6JP,"Levi's Men's Tapered Jeans (A7086-0096_Blue)","₹1,649.00",https://m.media-amazon.com/images/I/31akTqS5CzL._SL500_.jpg,https://www.amazon.in/dp/B0C6QTX6JP?tag=vibe9110c-21&linkCode=osi&th=1&psc=1,B0C6QTX6JP,24,1649,INR,"₹1,649.00",N/A
B0CZHT4GB2,"Ben Martin Men's Slim Fit Stretchable 36 Size White Cotton Denim Jeans Pant for Men, JJ3-24",₹649.00,https://m.media-amazon.com/images/I/317jrBpWOlL._SL500_.jpg,https://www.amazon.in/dp/B0CZHT4GB2?tag=vibe9110c-21&linkCode=osi&th=1&psc=1,B0CZHT4GB2,120,649,INR,₹649.00,N/A
B099NP14YP,"Allen Solly Men's Slim Jeans (ALDNVSKFU42593_Grey_32)","₹1,329.00",https://m.media-amazon.com/images/I/31h3YZSREKL._SL500_.jpg,https://www.amazon.in/dp/B099NP14YP?tag=vibe9110c-21&linkCode=osi&th=1&psc=1,B099NP14YP,88,1329,INR,"₹1,329.00",N/A
B0D9FR9LGS,"RAGZO Jeans Pant for Men || Men Jeans Pants || Regular Fit Jeans_Black_32",₹599.00,https://m.media-amazon.com/images/I/51KGABgbCfL._SL500_.jpg,https://www.amazon.in/dp/B0D9FR9LGS?tag=vibe9110c-21&linkCode=osi&th=1&psc=1,B0D9FR9LGS,72,599,INR,₹599.00,N/A
B0CZHV6WRL,"Ben Martin Men's Slim Fit Stretchable 34 Size Grey Cotton Denim Jeans Pant for Men, JJ3-11",₹649.00,https://m.media-amazon.com/images/I/31UPdz5W4KL._SL500_.jpg,https://www.amazon.in/dp/B0CZHV6WRL?tag=vibe9110c-21&linkCode=osi&th=1&psc=1,B0CZHV6WRL,158,649,INR,₹649.00,N/A
B0D475TYV9,"RAGZO Men's Cotton Oversize Loose Baggy Fit Jeans Pants for Men || Men Jeans Pants, ri90091f, 38 Light Blue",₹798.00,https://m.media-amazon.com/images/I/31U5b3F3ugL._SL500_.jpg,https://www.amazon.in/dp/B0D475TYV9?tag=vibe9110c-21&linkCode=osi&th=1&psc=1,B0D475TYV9,129,798,INR,₹798.00,N/A
B0895ZKM6Z,"Ben Martin Men's Regular Fit Stylish Stretchable 32 Size Light Blue Casusal Denim Jeans Pant for Men, JJ3-8",₹649.00,https://m.media-amazon.com/images/I/41UvEz4D-4L._SL500_.jpg,https://www.amazon.in/dp/B0895ZKM6Z?tag=vibe9110c-21&linkCode=osi&th=1&psc=1,B0895ZKM6Z,26,649,INR,₹649.00,N/A
B0C3ZXCNXZ,"Ben Martin Men's Slim Fit Stylish Stretchable 34 Size White Cotton Denim Jeans Pant for Men, JJ3-6",₹649.00,https://m.media-amazon.com/images/I/31-fwt2DCUL._SL500_.jpg,https://www.amazon.in/dp/B0C3ZXCNXZ?tag=vibe9110c-21&linkCode=osi&th=1&psc=1,B0C3ZXCNXZ,73,649,INR,₹649.00,N/A
B0D8Y89F1K,"Ben Martin White Men Jeans || Men Jeans Pants || Denim Jeans || Baggy Jeans for Men || Loose Fit Jeans for Men, 32",₹799.00,https://m.media-amazon.com/images/I/31b3LprwKxL._SL500_.jpg,https://www.amazon.in/dp/B0D8Y89F1K?tag=vibe9110c-21&linkCode=osi&th=1&psc=1,B0D8Y89F1K,62,799,INR,₹799.00,N/A
B09Z77J4KM,"Levi's Men's Slim Jeans (A7086-0080_Light Indigo_34)","₹1,619.10",https://m.media-amazon.com/images/I/31ufricUwyL._SL500_.jpg,https://www.amazon.in/dp/B09Z77J4KM?tag=vibe9110c-21&linkCode=osi&th=1&psc=1,B09Z77J4KM,41,1619.1,INR,"₹1,619.10",N/A
B0CK2M9DTH,"i'sol, Comfort, Comfortable Casual Straight Relaxed Fit Stretchable Washed Mid Rise Stylish Denim Fashionable Trending Jeans Pant for Men Carson (Indigo Blue) _34","₹1,249.00",https://m.media-amazon.com/images/I/31GgYmF+nGL._SL500_.jpg,https://www.amazon.in/dp/B0CK2M9DTH?tag=vibe9110c-21&linkCode=osi&th=1&psc=1,B0CK2M9DTH,900,1249,INR,"₹1,249.00",N/A
B0D111VNVS,"Miraan Men's Regular-fit Mid-rise Denim Jeans Pant (SIGJEANSDARKGREY34_Dark Grey_34)",₹669.00,https://m.media-amazon.com/images/I/31DwKa1XcIL._SL500_.jpg,https://www.amazon.in/dp/B0D111VNVS?tag=vibe9110c-21&linkCode=osi&th=1&psc=1,B0D111VNVS,262,669,INR,₹669.00,N/A
B0CSDM7LNX,"Thomas Scott Men's 100% Cotton Clean Look Baggy Jeans (TSJ079_Midblue, 32)",₹689.00,https://m.media-amazon.com/images/I/31ZlTQVOK1L._SL500_.jpg,https://www.amazon.in/dp/B0CSDM7LNX?tag=vibe9110c-21&linkCode=osi&th=1&psc=1,B0CSDM7LNX,50,689,INR,₹689.00,N/A
B0CTTS4DVD,"Thomas Scott Men's Relaxed Fit Cargo Jeans (TSJ085-MidBlue, 34)",₹849.00,https://m.media-amazon.com/images/I/31bCPPNjtdL._SL500_.jpg,https://www.amazon.in/dp/B0CTTS4DVD?tag=vibe9110c-21&linkCode=osi&th=1&psc=1,B0CTTS4DVD,134,849,INR,₹849.00,N/A
B0CV17X5ZB,"Pepe Jeans Men's Regular Jeans (PM207917AA02_RAW Used_Dark Indigo Blue","₹1,619.00",https://m.media-amazon.com/images/I/31RxUlmdCqL._SL500_.jpg,https://www.amazon.in/dp/B0CV17X5ZB?tag=vibe9110c-21&linkCode=osi&th=1&psc=1,B0CV17X5ZB,475,1619,INR,"₹1,619.00",N/A
B08961VVN5,"Ben Martin Men's Slim Fit Stretchable 32 Size Light Blue Cotton Denim Jeans Pant for Men, JJ3-20",₹649.00,https://m.media-amazon.com/images/I/3143B4s6DGL._SL500_.jpg,https://www.amazon.in/dp/B08961VVN5?tag=vibe9110c-21&linkCode=osi&th=1&psc=1,B08961VVN5,205,649,INR,₹649.00,N/A
B095X76WFM,"Ben Martin Men's Pack of 2 Regular Fit Stretchable 32 Size Light Blue & Grey Casusal Denim Combo Jeans Pant for Men, CMB-7",₹999.00,https://m.media-amazon.com/images/I/41AOSEZSY3S._SL500_.jpg,https://www.amazon.in/dp/B095X76WFM?tag=vibe9110c-21&linkCode=osi&th=1&psc=1,B095X76WFM,30,999,INR,₹999.00,N/A
B0963L5NQ1,"Ben Martin Men's Pack of 2 Regular Fit Stretchable 36 Size Black & Dark Blue Casusal Denim Combo Jeans Pant for Men, CMB-2",₹999.00,https://m.media-amazon.com/images/I/41P1TCm73QS._SL500_.jpg,https://www.amazon.in/dp/B0963L5NQ1?tag=vibe9110c-21&linkCode=osi&th=1&psc=1,B0963L5NQ1,504,999,INR,₹999.00,N/A
B0C1RZ6F15,"Peter England Men's Skinny Jeans (PJDNASKF704235_Blue_34)",₹959.00,https://m.media-amazon.com/images/I/31VtYGuB72L._SL500_.jpg,https://www.amazon.in/dp/B0C1RZ6F15?tag=vibe9110c-21&linkCode=osi&th=1&psc=1,B0C1RZ6F15,66,959,INR,₹959.00,N/A
B0B6JBK1TK,"Peter England Men's Slim Jeans (PJDNPSTBL16345_Navy_34)","₹1,199.00",https://m.media-amazon.com/images/I/31YhxMqJ8yL._SL500_.jpg,https://www.amazon.in/dp/B0B6JBK1TK?tag=vibe9110c-21&linkCode=osi&th=1&psc=1,B0B6JBK1TK,175,1199,INR,"₹1,199.00",N/A
B0D6MV6K8F,"Lymio Men Jeans || Jeans for Men || Jogger Jeans (Jeans-11-12) (34, Black)",₹799.00,https://m.media-amazon.com/images/I/311Tb3rqb6L._SL500_.jpg,https://www.amazon.in/dp/B0D6MV6K8F?tag=vibe9110c-21&linkCode=osi&th=1&psc=1,B0D6MV6K8F,34,799,INR,₹799.00,N/A
B0CV7K4LNP,"KARGEENS Men's Slim Fit Stretchable Jeans Pant for Casual Stylish Cotton Blend Denim (k2532_Grey_34)",₹699.00,https://m.media-amazon.com/images/I/31nUhM8cQVL._SL500_.jpg,https://www.amazon.in/dp/B0CV7K4LNP?tag=vibe9110c-21&linkCode=osi&th=1&psc=1,B0CV7K4LNP,28,699,INR,₹699.00,N/A
B07QGPJ79Z,"Neostreak Men's Slim Fit Stretchable Jeans (neoeps-lblue Light Blue_40)",₹659.00,https://m.media-amazon.com/images/I/31PtbwCWdsL._SL500_.jpg,https://www.amazon.in/dp/B07QGPJ79Z?tag=vibe9110c-21&linkCode=osi&th=1&psc=1,B07QGPJ79Z,40,659,INR,₹659.00,N/A
B0D5YPVG4M,"The Indian Garage Co Men's Dad Fit Jeans (0923-366CRGDNM-03_Grey",₹892.00,https://m.media-amazon.com/images/I/41PE+CPTzkL._SL500_.jpg,https://www.amazon.in/dp/B0D5YPVG4M?tag=vibe9110c-21&linkCode=osi&th=1&psc=1,B0D5YPVG4M,157,892,INR,₹892.00,N/A
B0D4V3TB91,"Ben Martin Men's Slim Fit Pack of 2 Stretchable Size 36 Green & Grey Casusal Denim Combo Jeans Pant for Men, CMB-AU24",₹999.00,https://m.media-amazon.com/images/I/41erKH1+eYL._SL500_.jpg,https://www.amazon.in/dp/B0D4V3TB91?tag=vibe9110c-21&linkCode=osi&th=1&psc=1,B0D4V3TB91,311,999,INR,₹999.00,N/A
B09PBZ62F9,"RAGZO Men's Slim Fit Denim Jeans (t70018c_Brown_32)",₹698.00,https://m.media-amazon.com/images/I/31X1YKWK1+L._SL500_.jpg,https://www.amazon.in/dp/B09PBZ62F9?tag=vibe9110c-21&linkCode=osi&th=1&psc=1,B09PBZ62F9,219,698,INR,₹698.00,N/A
B07HL739QH,"Ben Martin Men's Slim Fit Stretchable 38 Size Green Cotton Denim Jeans Pant for Men, JJ3-12",₹649.00,https://m.media-amazon.com/images/I/41PkcNtXW-L._SL500_.jpg,https://www.amazon.in/dp/B07HL739QH?tag=vibe9110c-21&linkCode=osi&th=1&psc=1,B07HL739QH,102,649,INR,₹649.00,N/A
B085J7BK52,"Amazon Brand - Symbol Men's Skinny Jeans (SS20-NS-SY-SK01_Jet Black_34)",₹699.00,https://m.media-amazon.com/images/I/31QLvc6f-vL._SL500_.jpg,https://www.amazon.in/dp/B085J7BK52?tag=vibe9110c-21&linkCode=osi&th=1&psc=1,B085J7BK52,82,699,INR,₹699.00,N/A
B08Y9599ZG,"Urbano Plus Men's Black Regular Fit Washed Jeans Stretchable (plusepsp-black-44)",₹699.00,https://m.media-amazon.com/images/I/31eMOt9h8qL._SL500_.jpg,https://www.amazon.in/dp/B08Y9599ZG?tag=vibe9110c-21&linkCode=osi&th=1&psc=1,B08Y9599ZG,65,699,INR,₹699.00,N/A
B0758KCK57,"Diverse Men's Cotton Relaxed Fit Jeans (DVD02D1L01-2c_Indigo Blue3_36)",₹599.00,https://m.media-amazon.com/images/I/414pCjic+JL._SL500_.jpg,https://www.amazon.in/dp/B0758KCK57?tag=vibe9110c-21&linkCode=osi&th=1&psc=1,B0758KCK57,1803,599,INR,₹599.00,N/A
B0CW9T8Q3X,"Pepe Jeans Men's Slim Jeans (PM207933Q03100034_Blue","₹1,439.00",https://m.media-amazon.com/images/I/41etlWYxHDL._SL500_.jpg,https://www.amazon.in/dp/B0CW9T8Q3X?tag=vibe9110c-21&linkCode=osi&th=1&psc=1,B0CW9T8Q3X,213,1439,INR,"₹1,439.00",N/A
B0C662V149,"RAGZO Jeans Pant for Men || Men Jeans Pants || Denim Jeans || Casual Jeans Pant for Men Stretchable (b70018d) (Khaki, 34)",₹698.00,https://m.media-amazon.com/images/I/41-Vyp-hqUL._SL500_.jpg,https://www.amazon.in/dp/B0C662V149?tag=vibe9110c-21&linkCode=osi&th=1&psc=1,B0C662V149,189,698,INR,₹698.00,N/A
B0D28LQG6J,"U.S. POLO ASSN. Men's Tapered Jeans (UDJENO1809_Blue","₹1,509.00",https://m.media-amazon.com/images/I/31IGQDvBMQL._SL500_.jpg,https://www.amazon.in/dp/B0D28LQG6J?tag=vibe9110c-21&linkCode=osi&th=1&psc=1,B0D28LQG6J,118,1509,INR,"₹1,509.00",N/A
B0CQRVQGTK,"Wrangler Men's Skinny Jeans (WMJN006336_Blue_34)","₹1,500.00",https://m.media-amazon.com/images/I/41jKivlXheL._SL500_.jpg,https://www.amazon.in/dp/B0CQRVQGTK?tag=vibe9110c-21&linkCode=osi&th=1&psc=1,B0CQRVQGTK,564,1500,INR,"₹1,500.00",N/A
B0CV7X9LJH,"KARGEENS Slim Men's Stretchable Jeans Pant for Casual Stylish Cotton Blend Denim (k2103_Black_38)",₹699.00,https://m.media-amazon.com/images/I/31TCnscXUJL._SL500_.jpg,https://www.amazon.in/dp/B0CV7X9LJH?tag=vibe9110c-21&linkCode=osi&th=1&psc=1,B0CV7X9LJH,159,699,INR,₹699.00,N/A
B0BBPBDMD7,"KARGEENS Men's Slim Fit Jeans (k70014d_Light Green_34)",₹669.00,https://m.media-amazon.com/images/I/31qJvyBQeXL._SL500_.jpg,https://www.amazon.in/dp/B0BBPBDMD7?tag=vibe9110c-21&linkCode=osi&th=1&psc=1,B0BBPBDMD7,127,669,INR,₹669.00,N/A
B0BHP5VDC1,"Urbano Fashion Men's Light Blue Slim Fit Denim Jeans Stretchable (epsjeanwhithrnd-lblue-40)",₹499.00,https://m.media-amazon.com/images/I/31fAiE2XmgL._SL500_.jpg,https://www.amazon.in/dp/B0BHP5VDC1?tag=vibe9110c-21&linkCode=osi&th=1&psc=1,B0BHP5VDC1,113,499,INR,₹499.00,N/A
B0C9WRFQM3,"AFLASH Men's Jeans |Comfortable & Stretchable | Casual Slim Fit Denims Mid Rise Full Length Jeans Latesh Fashionable Pant Blue (Size32)",₹498.00,https://m.media-amazon.com/images/I/31zFgf1UfrL._SL500_.jpg,https://www.amazon.in/dp/B0C9WRFQM3?tag=vibe9110c-21&linkCode=osi&th=1&psc=1,B0C9WRFQM3,254,498,INR,₹498.00,N/A
B0CTF6Y33J,"Ben Martin Men's High Waist Tapered Fit Stretchable Size 32 Denim Light Blue Carrot Fit Jeans Pant for Men 1",₹699.00,https://m.media-amazon.com/images/I/311nZVlBYuL._SL500_.jpg,https://www.amazon.in/dp/B0CTF6Y33J?tag=vibe9110c-21&linkCode=osi&th=1&psc=1,B0CTF6Y33J,451,699,INR,₹699.00,N/A
B07L6PBJHV,"Neostreak Men's Slim Fit Stretchable Jeans (ej-lblu Light Blue_32",₹669.00,https://m.media-amazon.com/images/I/31twcAVIFNL._SL500_.jpg,https://www.amazon.in/dp/B07L6PBJHV?tag=vibe9110c-21&linkCode=osi&th=1&psc=1,B07L6PBJHV,93,669,INR,₹669.00,N/A
B0CSWLB3TS,"Spykar Low Rise Slim Fit Blue Jeans for Men (Size: 28)-MDSKN1BD001_Light Blue","₹1,799.00",https://m.media-amazon.com/images/I/41yYeEuDxKL._SL500_.jpg,https://www.amazon.in/dp/B0CSWLB3TS?tag=vibe9110c-21&linkCode=osi&th=1&psc=1,B0CSWLB3TS,2493,1799,INR,"₹1,799.00",N/A
B085J72142,"Amazon Brand - Symbol Men's Cotton Rich Stretchable Jeans | Casual Denim Slim Fit (Medium Blue_32)",₹699.00,https://m.media-amazon.com/images/I/31NAsj5SmaL._SL500_.jpg,https://www.amazon.in/dp/B085J72142?tag=vibe9110c-21&linkCode=osi&th=1&psc=1,B085J72142,32,699,INR,₹699.00,N/A
B09BK1NXSS,"Ben Martin Men's Slim Fit Stylish Stretchable 32 Size Brown Cotton Denim Jeans Pant for Men, JJ3-4",₹649.00,https://m.media-amazon.com/images/I/31BksIg6ZLL._SL500_.jpg,https://www.amazon.in/dp/B09BK1NXSS?tag=vibe9110c-21&linkCode=osi&th=1&psc=1,B09BK1NXSS,69,649,INR,₹649.00,N/A
B0BTP3V4ZR,"Reelize - Men's Cotton Pant - Plus Size - Slim fit, Regular Jeans - Full Length - Faded Charcoal Black - Ideal for Casual/Party/Office wear - Pack of 1 - Size 48 - (T20020-48)",₹984.00,https://m.media-amazon.com/images/I/417J1tFMaQL._SL500_.jpg,https://www.amazon.in/dp/B0BTP3V4ZR?tag=vibe9110c-21&linkCode=osi&th=1&psc=1,B0BTP3V4ZR,200,984,INR,₹984.00,N/A
B07HZFQLHY,"Amazon Brand - INKAST Men's Slim Tapered Fit Stretchable Jeans (IN-ST-106_DARK BLUE_36)",₹534.86,https://m.media-amazon.com/images/I/41gGLwdrl0L._SL500_.jpg,https://www.amazon.in/dp/B07HZFQLHY?tag=vibe9110c-21&linkCode=osi&th=1&psc=1,B07HZFQLHY,141,534.86,INR,₹534.86,N/A
